type,name,metric,avg,std,seed1,seed2,seed3
prefix,squeezeprot_sp_nonstrict,mcc,0.35890684472425366,0.016955838216284914,0.38234021935968626,0.35159565276141413,0.34278466205166064
prefix,squeezeprot_sp_nonstrict,auroc,0.7701260693989355,0.00938406819503336,0.7833957817524807,0.7636559990655525,0.7633264273787732
prefix,squeezeprot_sp_nonstrict,ap,0.747343994734922,0.008146487192956816,0.7587293682853288,0.7401255844540378,0.7431770314653994
prefix,squeezeprot_sp_nonstrict,f1,0.652092526319069,0.018443063984947636,0.672027820039122,0.6566905226631967,0.6275592362548884
prefix,squeezeprot_sp_nonstrict,acc,0.6774171459874007,0.009406696664516226,0.6900164338537387,0.6748151191454396,0.6674198849630238
prefix,squeezeprot_sp_strict,mcc,0.32755820025349297,0.019455929243798433,0.3011533023072221,0.3474603355957655,0.3340609628574914
prefix,squeezeprot_sp_strict,auroc,0.7465236727840123,0.002989563704565037,0.7423571439663652,0.7492284393442933,0.7479854350413784
prefix,squeezeprot_sp_strict,ap,0.7180648416007065,0.008490804182522608,0.7066319092994574,0.7269604078984178,0.7206022076042442
prefix,squeezeprot_sp_strict,f1,0.6457430951058521,0.026978329747506576,0.6080402010050251,0.6595334902632142,0.6696555940493173
prefix,squeezeprot_sp_strict,acc,0.6625582032319913,0.010945198139650638,0.647493837304848,0.6731717337715695,0.6670090386195563
prefix,proteinbert,mcc,0.46876792269195927,0.01067748033945997,0.47174942033089245,0.4800969197151804,0.45445742802980504
prefix,proteinbert,auroc,0.809014825127547,0.0004861622931124817,0.8088963593680055,0.8096605774534819,0.8084875385611534
prefix,proteinbert,ap,0.7817739070616986,0.004360051864798341,0.7756311681311348,0.7853091161747019,0.7843814368792593
prefix,proteinbert,f1,0.7414119791164756,0.009707231587063749,0.741618148966071,0.75319643549012,0.7294213528932355
prefix,proteinbert,acc,0.7337030950424541,0.004727213255024129,0.735620377978636,0.738290879211175,0.7271980279375514
prefix,prottrans_bert,mcc,0.5110389260230296,0.018213099276024998,0.5242862281899053,0.4852852666585655,0.5235452832206178
prefix,prottrans_bert,auroc,0.8461316583045765,0.007675132521325033,0.8491675719690039,0.8355887964869094,0.8536386064578159
prefix,prottrans_bert,ap,0.8390233208077351,0.007271312163345516,0.8409339775659106,0.8293175630717785,0.8468184217855164
prefix,prottrans_bert,f1,0.7531080537932068,0.011587223812253052,0.768370607028754,0.7403108808290155,0.7506426735218509
prefix,prottrans_bert,acc,0.7550671049027664,0.008818587049464869,0.761709120788825,0.7426047658175843,0.7608874281018899
prefix,prottrans_t5,mcc,0.5779098542285881,0.011427473854282876,0.5678387230595705,0.5938911941469579,0.571999645479236
prefix,prottrans_t5,auroc,0.8773458245925801,0.004621797111866538,0.8754983664047198,0.8836992577758662,0.8728398495971545
prefix,prottrans_t5,ap,0.8642751280113773,0.004944006544503348,0.8632323454275554,0.87078394399428,0.8588090946122968
prefix,prottrans_t5,f1,0.791284242672094,0.007690084090082078,0.782464846980976,0.8012048192771084,0.7901830617581975
prefix,prottrans_t5,acc,0.7887565050671049,0.005619073743886206,0.7838948233360723,0.7966310599835661,0.7857436318816763
random,squeezeprot_sp_nonstrict,mcc,0.33282508383461273,0.023720866064150876,0.29968399692007164,0.34489335021886797,0.3538979043648987
random,squeezeprot_sp_nonstrict,auroc,0.750096550578662,0.005093000162647123,0.7435885014337422,0.7560230175229172,0.7506781327793266
random,squeezeprot_sp_nonstrict,ap,0.7229494153885675,0.00818077956641103,0.7137142628067966,0.7336020309556193,0.7215319524032865
random,squeezeprot_sp_nonstrict,f1,0.6500671448031371,0.031881301948097546,0.6064073226544623,0.6621507197290432,0.6816433920259057
random,squeezeprot_sp_nonstrict,acc,0.6652287044645303,0.013262483688151628,0.6466721446179129,0.6721446179129006,0.6768693508627773
random,squeezeprot_sp_strict,mcc,0.34889484766664647,0.01247618305729185,0.33175886843117336,0.3611030814038975,0.3538225931648686
random,squeezeprot_sp_strict,auroc,0.7527815118920379,0.005802958585953824,0.7451825987499737,0.7592649732730444,0.7538969636530957
random,squeezeprot_sp_strict,ap,0.7239831420199806,0.01211887099440027,0.7087118419964793,0.7383560836212746,0.7248815004421877
random,squeezeprot_sp_strict,f1,0.6576156589524954,0.024699795446435205,0.6232813932172319,0.6692160611854685,0.6803495224547856
random,squeezeprot_sp_strict,acc,0.6731032593809916,0.007766939982716633,0.6622843056696796,0.6801561216105176,0.6768693508627773
random,proteinbert,mcc,0.4661733367502994,0.011159068713449873,0.4655537310233486,0.4801396138434064,0.4528266653841433
random,proteinbert,auroc,0.8061428955315986,0.0017908860612532971,0.8057034384834401,0.8085227322598438,0.804202515851512
random,proteinbert,ap,0.7786714746457406,0.004747117755830238,0.7731429549447354,0.7847341118121784,0.7781373571803082
random,proteinbert,f1,0.7405676732829111,0.010557612181926612,0.7384491763760547,0.7544264819091608,0.7288273615635179
random,proteinbert,acc,0.7322651328403177,0.0047003566972693535,0.7325390304026295,0.7378800328677074,0.7263763352506163
random,prottrans_bert,mcc,0.5073614408838982,0.011100004005981887,0.5111499665425306,0.4922743603722356,0.5186599957369286
random,prottrans_bert,auroc,0.8443306467966026,0.007132902685586274,0.8428960042239191,0.8364007834775629,0.8536951526883261
random,prottrans_bert,ap,0.837057192810697,0.007109929286783165,0.8359020122347484,0.8289845917671286,0.8462849744302142
random,prottrans_bert,f1,0.7527914717005565,0.00905663872595952,0.765179799567695,0.7437810945273632,0.7494135210066112
random,prottrans_bert,acc,0.7530813475760065,0.005215753257338255,0.754519309778143,0.7460969597370584,0.7586277732128184
random,prottrans_t5,mcc,0.5704182780697789,0.012189031097346613,0.5543264624056988,0.5731117266433959,0.5838166451602417
random,prottrans_t5,auroc,0.872813011237002,0.0035592784198999654,0.8678978778452882,0.8762106801144293,0.8743304757512884
random,prottrans_t5,ap,0.8645483588911453,0.0027839566512597707,0.8609692687438031,0.8677585401751245,0.8649172677545083
random,prottrans_t5,f1,0.7843379773544706,0.005242211414342449,0.7791573376755546,0.7823357053160318,0.7915208890718255
random,prottrans_t5,acc,0.7851273623664748,0.0061007569453235475,0.7771158586688578,0.7863599013968776,0.7919063270336894
