,MCC@50%,MCC@50%,AUROC,AUROC,AP,AP,F-1 Score,F-1 Score,Accuracy,Accuracy
Seed,Non-strict,Strict,Non-strict,Strict,Non-strict,Strict,Non-strict,Strict,Non-strict,Strict
1,0.382,0.301,0.783,0.742,0.759,0.707,0.672,0.608,0.69,0.647
2,0.352,0.347,0.764,0.749,0.74,0.727,0.657,0.66,0.675,0.673
3,0.343,0.334,0.763,0.748,0.743,0.721,0.628,0.67,0.667,0.667
4,0.372,0.341,0.77,0.756,0.746,0.73,0.675,0.643,0.685,0.669
5,0.38,0.365,0.767,0.759,0.736,0.74,0.693,0.68,0.69,0.682
6,0.355,0.339,0.768,0.752,0.743,0.728,0.673,0.66,0.677,0.669
7,0.381,0.342,0.775,0.755,0.746,0.731,0.678,0.647,0.69,0.67
8,0.384,0.361,0.78,0.755,0.758,0.726,0.681,0.687,0.691,0.681
9,0.409,0.297,0.787,0.737,0.763,0.712,0.708,0.589,0.704,0.643
10,0.388,0.316,0.78,0.741,0.752,0.719,0.696,0.627,0.694,0.656
Mean,0.374,0.335,0.774,0.749,0.749,0.724,0.676,0.647,0.686,0.666
StDev,0.0187,0.0218,0.0082,0.00691,0.0086,0.00926,0.0211,0.0296,0.0101,0.0123
